Building ID,pm,euas
NJ4666ZZ,,NJ4666ZZ
CO0514AA ,CO0514AA ,
WY0003ZZ ,WY0003ZZ ,
DE0016ZZ ,DE0016ZZ ,
LA0099ZZ,,LA0099ZZ
WA0082ZZ ,WA0082ZZ ,
DC0000AC ,DC0000AC ,
AX0009RE,,AX0009RE
IA0121ZZ,,IA0121ZZ
OH2433ZZ,,OH2433ZZ
TX0000NW,,TX0000NW
IL2540ZZ,,IL2540ZZ
AZ0000WW,AZ0000WW,AZ0000WW
MA0050ZZ,,MA0050ZZ
TX2747ZZ,,TX2747ZZ
LA0072ZZ ,LA0072ZZ ,
AL0079ZZ ,AL0079ZZ ,
FL3323ZZ,,FL3323ZZ
WA0036ZZ ,WA0036ZZ ,
NY7090ZZ,,NY7090ZZ
OR0018ZZ,,OR0018ZZ
WA0000OB ,WA0000OB ,
FL1021ZZ ,FL1021ZZ ,
LA0033ZZ ,LA0033ZZ ,
UT0035ZZ ,UT0035ZZ ,
OR0051ZZ,,OR0051ZZ
MD0404ZZ,,MD0404ZZ
AL0011ZZ ,AL0011ZZ ,
TX0999ZZ ,TX0999ZZ ,
OR0053ZZ,,OR0053ZZ
TX2755ZZ,,TX2755ZZ
MN0088ZZ,,MN0088ZZ
PA0000ER,,PA0000ER
FL0079ZZ,,FL0079ZZ
WA0653SB,,WA0653SB
TX0502HS ,TX0502HS ,
NV0014ZZ,,NV0014ZZ
DC0345ZZ,,DC0345ZZ
NY7077ZZ,,NY7077ZZ
AZ0000HH,,AZ0000HH
TN0004ZZ,TN0004ZZ,TN0004ZZ
NY0399ZZ ,NY0399ZZ ,
IL0317ZZ ,IL0317ZZ ,
OK0039ZZ,,OK0039ZZ
PA0261ZZ ,PA0261ZZ ,
WA0831KF ,WA0831KF ,
NJ0114ZZ ,NJ0114ZZ ,
NY0000AB ,NY0000AB ,
MI1897ZZ,,MI1897ZZ
RI0009ZZ,,RI0009ZZ
VT0059BH ,VT0059BH ,
NH0037ZZ ,NH0037ZZ ,
GA0010AE ,GA0010AE ,
MD1877WO,MD1877WO,MD1877WO
ID0000PB ,ID0000PB ,
CA0000OO ,CA0000OO ,
IL0000ES,,IL0000ES
MD0767AG ,MD0767AG ,
DC0084ZZ,DC0084ZZ,DC0084ZZ
OR0043ZZ,,OR0043ZZ
MO1694ZZ,,MO1694ZZ
WA0094ZZ,,WA0094ZZ
NJ4659ZZ,,NJ4659ZZ
CO0061ZZ,,CO0061ZZ
ME0000HO ,ME0000HO ,
MD0205ZZ ,MD0205ZZ ,
NY7402ZZ,NY7402ZZ,NY7402ZZ
MT0050ZZ ,MT0050ZZ ,
VA0002ZZ ,VA0002ZZ ,
DC0007ZZ ,DC0007ZZ ,
WA0811KA ,WA0811KA ,
IL2367ZZ,,IL2367ZZ
UT0032ZZ,,UT0032ZZ
MI0048ZZ ,MI0048ZZ ,
NY0026ZZ ,NY0026ZZ ,
VT0020SW,,VT0020SW
OH0046ZZ,,OH0046ZZ
NM0000AA,,NM0000AA
IL2337ZZ,,IL2337ZZ
IL2596ZZ,,IL2596ZZ
ME0051ZZ,,ME0051ZZ
VA0095ZZ,,VA0095ZZ
MD0211ZZ,,MD0211ZZ
AL0034ZZ,,AL0034ZZ
MD0290ZZ ,MD0290ZZ ,
NY7370ZZ,NY7370ZZ,NY7370ZZ
IL0240ZZ,,IL0240ZZ
CA0000WW,,CA0000WW
TX0000CV ,TX0000CV ,
MD0767AG,,MD0767AG
TX0000TY ,TX0000TY ,
MD0509ZZ,,MD0509ZZ
MA0153ZZ ,MA0153ZZ ,
OR0000PT ,OR0000PT ,
IL2312ZZ,,IL2312ZZ
VA0834ZZ,,VA0834ZZ
CA0315ZZ ,CA0315ZZ ,
TX0000AT ,TX0000AT ,
SC0013ZZ,SC0013ZZ,SC0013ZZ
MD0232ZZ,,MD0232ZZ
NY7448ZZ,,NY7448ZZ
MS0008ZZ,,MS0008ZZ
NY0369ZZ,,NY0369ZZ
OK0000CT ,OK0000CT ,
MD0190ZZ,,MD0190ZZ
NY6443ZZ,,NY6443ZZ
LA0072ZZ,,LA0072ZZ
TN0029ZZ ,TN0029ZZ ,
VA0087ZZ,,VA0087ZZ
PA0000ER ,PA0000ER ,
VA0054ZZ ,VA0054ZZ ,
IL2437ZZ,,IL2437ZZ
NY7152ZZ,,NY7152ZZ
NC0000AE,,NC0000AE
KY0058ZZ ,KY0058ZZ ,
NY0026ZZ,,NY0026ZZ
NY0216ZZ,,NY0216ZZ
FL0065ZZ ,FL0065ZZ ,
AZ0307ZZ,,AZ0307ZZ
TX0302ZZ ,TX0302ZZ ,
UT0037ZZ,,UT0037ZZ
AX0005RE,,AX0005RE
LA0098ZZ,,LA0098ZZ
WA0000BN,,WA0000BN
CO0039ZZ ,CO0039ZZ ,
UT0035ZZ,,UT0035ZZ
NY0000CB,,NY0000CB
TX0272ZZ,,TX0272ZZ
NY6257ZZ,,NY6257ZZ
UT0010ZZ,,UT0010ZZ
TX0069ZZ ,TX0069ZZ ,
IL2409ZZ,,IL2409ZZ
NY0000CI,NY0000CI,NY0000CI
NY7529ZZ,,NY7529ZZ
MD0806ZZ,,MD0806ZZ
MD1046ZZ,,MD1046ZZ
MI0097ZZ ,MI0097ZZ ,
NY0304ZZ,,NY0304ZZ
AZ0058ZZ,,AZ0058ZZ
DC0566ZZ ,DC0566ZZ ,
MD1040ZZ,,MD1040ZZ
CA0149ZZ ,CA0149ZZ ,
MD0175ZZ,,MD0175ZZ
AX1100PJ,,AX1100PJ
NY7168ZZ,,NY7168ZZ
TX0316ZZ ,TX0316ZZ ,
CO0006ZZ,,CO0006ZZ
IN0126ZZ,,IN0126ZZ
KS0094ZZ,,KS0094ZZ
VT0028ZZ,,VT0028ZZ
PR0017ZZ,,PR0017ZZ
IL2125ZZ,IL2125ZZ,IL2125ZZ
CO0543AA ,CO0543AA ,
MO1902ZZ,,MO1902ZZ
ND0000AM ,ND0000AM ,
NM0000AA ,NM0000AA ,
NY7434ZZ,,NY7434ZZ
MD1617ZZ,,MD1617ZZ
RI0009ZZ ,RI0009ZZ ,
MA0158ZZ,,MA0158ZZ
MI0146ZZ,,MI0146ZZ
IA0119ZZ ,IA0119ZZ ,
WI0095ZZ ,WI0095ZZ ,
NC0072ZZ,,NC0072ZZ
IL2245ZZ,,IL2245ZZ
WA0141BP ,WA0141BP ,
TX0000FW ,TX0000FW ,
WA0064ZZ,,WA0064ZZ
GA0007ZZ ,GA0007ZZ ,
MN0021ZZ ,MN0021ZZ ,
FL0057ZZ,,FL0057ZZ
MI2004ZZ,,MI2004ZZ
CA0000LL ,CA0000LL ,
VT0026ZZ,,VT0026ZZ
PR4005ZZ,,PR4005ZZ
DC0000AB,,DC0000AB
DC0000AC,,DC0000AC
NM0000ST ,NM0000ST ,
TN0088ZZ,,TN0088ZZ
VT0018ZZ,,VT0018ZZ
AZ0015ZZ,,AZ0015ZZ
NY7160ZZ,NY7160ZZ,NY7160ZZ
CO0051ZZ ,CO0051ZZ ,
TX0231ZZ ,TX0231ZZ ,
DC0501BC,,DC0501BC
NM0037ZZ ,NM0037ZZ ,
TX0297ZZ ,TX0297ZZ ,
CO0046ZZ,,CO0046ZZ
AK0526ZZ ,AK0526ZZ ,
DC0105ZZ,,DC0105ZZ
MI1881ZZ,,MI1881ZZ
TX0185ZZ ,TX0185ZZ ,
NY7035ZZ,NY7035ZZ,NY7035ZZ
NY7325ZZ,,NY7325ZZ
VA0000AN,,VA0000AN
NY7033ZZ,,NY7033ZZ
MT0000AF ,MT0000AF ,
NY7492ZZ,,NY7492ZZ
OK0063ZZ,,OK0063ZZ
AR0066ZZ ,AR0066ZZ ,
OR0058PE,,OR0058PE
CT0013ZZ,,CT0013ZZ
IL2217ZZ,,IL2217ZZ
DC0459AF,,DC0459AF
VA0053ZZ,VA0053ZZ,VA0053ZZ
CA0316ZZ,,CA0316ZZ
TN0076ZZ,TN0076ZZ,TN0076ZZ
AR0062ZZ,,AR0062ZZ
PA0707ZZ,,PA0707ZZ
VT0029SW ,VT0029SW ,
TX0164ZZ ,TX0164ZZ ,
WY0034ZZ ,WY0034ZZ ,
PA0276ZZ,,PA0276ZZ
ND0045ZZ ,ND0045ZZ ,
NY7289ZZ,,NY7289ZZ
NY6488ZZ,,NY6488ZZ
WI1701ZZ,,WI1701ZZ
VI3902ZZ,,VI3902ZZ
NJ4613ZZ,,NJ4613ZZ
NY7531ZZ,,NY7531ZZ
IN0300ZZ ,IN0300ZZ ,
DC0112ZZ ,DC0112ZZ ,
WI0096ZZ,,WI0096ZZ
MI1951ZZ,MI1951ZZ,MI1951ZZ
IL0200ZZ,,IL0200ZZ
NM0000AQ ,NM0000AQ ,
NY0270ZZ,,NY0270ZZ
TX0012ZZ,,TX0012ZZ
OH0100ZZ,,OH0100ZZ
NC0058ZZ ,NC0058ZZ ,
MT0017ZZ ,MT0017ZZ ,
MN0000TC ,MN0000TC ,
VI3987ZZ,,VI3987ZZ
IL2350ZZ,,IL2350ZZ
MN0600ZZ,,MN0600ZZ
PA0588ZZ,,PA0588ZZ
TX0000AU,,TX0000AU
TX0000AT,,TX0000AT
MO0096ZZ,,MO0096ZZ
FL0012ZZ ,FL0012ZZ ,
MT0046ZZ ,MT0046ZZ ,
CA0224ZZ ,CA0224ZZ ,
DC0030ZZ,DC0030ZZ,DC0030ZZ
VA0002ZZ,,VA0002ZZ
MA5876ZZ,,MA5876ZZ
MD0426ZZ,,MD0426ZZ
CA0154ZZ,,CA0154ZZ
MO0000AF ,MO0000AF ,
IN1703ZZ ,IN1703ZZ ,
KY0006ZZ,,KY0006ZZ
HI0001ZZ ,HI0001ZZ ,
TN0010ZZ ,TN0010ZZ ,
IL0054ZZ ,IL0054ZZ ,
TX0126ZZ ,TX0126ZZ ,
MD0000BW ,MD0000BW ,
MD0810ZZ ,MD0810ZZ ,
IL0240ZZ ,IL0240ZZ ,
GA2637ZZ ,GA2637ZZ ,
WA0053ZZ,,WA0053ZZ
NJ5058ZZ,,NJ5058ZZ
OR0024ZZ ,OR0024ZZ ,
OK0074ZZ,,OK0074ZZ
NE0036ZZ,,NE0036ZZ
MI0143ZZ,,MI0143ZZ
NV0012ZZ,,NV0012ZZ
TX0000DR ,TX0000DR ,
MD0782ZZ,,MD0782ZZ
FL2177ZZ,,FL2177ZZ
MO0095ZZ,,MO0095ZZ
FL0049ZZ ,FL0049ZZ ,
MD0500ZZ,,MD0500ZZ
NY7272ZZ,,NY7272ZZ
UT0042ZZ ,UT0042ZZ ,
AZ0000CC ,AZ0000CC ,
CA0168ZZ,,CA0168ZZ
MD0033ZZ,,MD0033ZZ
GA0112ZZ ,GA0112ZZ ,
MI1873ZZ,,MI1873ZZ
VI0008ZZ ,VI0008ZZ ,
AX0003RE,,AX0003RE
DC0086ZZ,,DC0086ZZ
FL0004ZZ ,FL0004ZZ ,
NY0000CB ,NY0000CB ,
NC2582ZZ ,NC2582ZZ ,
AZ0000DD ,AZ0000DD ,
LA0098ZZ ,LA0098ZZ ,
GA0078ZZ,,GA0078ZZ
WA0067BP ,WA0067BP ,
TX0000MA ,TX0000MA ,
OK0041ZZ ,OK0041ZZ ,
CA0273ZZ,,CA0273ZZ
MD0444ZZ,,MD0444ZZ
NY0371ZZ,NY0371ZZ,NY0371ZZ
TX0000PR ,TX0000PR ,
DC0026ZZ ,DC0026ZZ ,
CO0631AA ,CO0631AA ,
WV1075ZZ,,WV1075ZZ
CO0624AA ,CO0624AA ,
MO1864ZZ,,MO1864ZZ
OK0074ZZ ,OK0074ZZ ,
WA0118ZZ,,WA0118ZZ
OK0039ZZ ,OK0039ZZ ,
NY0059ZZ,NY0059ZZ,NY0059ZZ
IL0206ZZ ,IL0206ZZ ,
MA0136ZZ ,MA0136ZZ ,
LA0000NE,,LA0000NE
WA0132PA ,WA0132PA ,
VT0024ZZ,VT0024ZZ,VT0024ZZ
NJ0056ZZ ,NJ0056ZZ ,
MD0246ZZ,,MD0246ZZ
CO0657AA ,CO0657AA ,
MD0003ZZ,,MD0003ZZ
NY0218ZZ,,NY0218ZZ
AR0057ZZ ,AR0057ZZ ,
IL2440ZZ,,IL2440ZZ
TX0000HD ,TX0000HD ,
OK0063ZZ ,OK0063ZZ ,
WI0098ZZ,,WI0098ZZ
DC0505ZZ ,DC0505ZZ ,
NJ4562ZZ,,NJ4562ZZ
NY0197ZZ,,NY0197ZZ
PA0235ZZ,,PA0235ZZ
ME0068ZZ,ME0068ZZ,ME0068ZZ
NJ0114ZZ,,NJ0114ZZ
MT0050ZZ,,MT0050ZZ
GA0134ZZ,,GA0134ZZ
SC2046ZZ,,SC2046ZZ
ME0088ZZ ,ME0088ZZ ,
AX0011RE,,AX0011RE
SC0011ZZ,SC0011ZZ,SC0011ZZ
AK0029ZZ,,AK0029ZZ
OH2168ZZ,,OH2168ZZ
SC2039ZZ ,SC2039ZZ ,
NM0000SN,,NM0000SN
MD0278ZZ,,MD0278ZZ
DC0031ZZ,,DC0031ZZ
CA0224ZZ,,CA0224ZZ
KY0013ZZ ,KY0013ZZ ,
IL0220ZZ,,IL0220ZZ
IL0173ZZ,,IL0173ZZ
AK0526ZZ,,AK0526ZZ
AZ0000AA,,AZ0000AA
LA0000NL,,LA0000NL
NY7154ZZ,,NY7154ZZ
TX0297ZZ,,TX0297ZZ
UT0039ZZ,,UT0039ZZ
OK0000OC,,OK0000OC
CO0501AA ,CO0501AA ,
NM0000ST,,NM0000ST
NY6440ZZ,,NY6440ZZ
VT0000BH,VT0000BH,VT0000BH
NV0288ZZ,,NV0288ZZ
VT0000BN,VT0000BN,VT0000BN
TEST GSA CAMPU,TEST GSA CAMPU,
MD0810WO,,MD0810WO
OH0301ZZ,,OH0301ZZ
VT0000BD,VT0000BD,VT0000BD
GA1007ZZ ,GA1007ZZ ,
NV0304ZZ ,NV0304ZZ ,
OH2308ZZ,,OH2308ZZ
ME0078ZZ,,ME0078ZZ
WV0053ZZ ,WV0053ZZ ,
TX0000LT ,TX0000LT ,
TX1514ZZ,,TX1514ZZ
VT0000BP,,VT0000BP
DC0033ZZ,,DC0033ZZ
AZ0000FF ,AZ0000FF ,
VT0000BS,VT0000BS,VT0000BS
VT0000BT,,VT0000BT
GA0005ZZ ,GA0005ZZ ,
VT0000BW,,VT0000BW
IL0000ES ,IL0000ES ,
CA0000OO,,CA0000OO
PR0017ZZ ,PR0017ZZ ,
WA0028ZZ,,WA0028ZZ
SC0058ZZ,SC0058ZZ,SC0058ZZ
SD0038ZZ,,SD0038ZZ
CO0530AA ,CO0530AA ,
MO0121ZZ ,MO0121ZZ ,
TX0117ZZ ,TX0117ZZ ,
TX0230ZZ ,TX0230ZZ ,
VI0007ZZ,,VI0007ZZ
ID0027ZZ ,ID0027ZZ ,
WA0102ZZ ,WA0102ZZ ,
NV0294ZZ,,NV0294ZZ
NJ5051ZZ,,NJ5051ZZ
NY0281ZZ,,NY0281ZZ
PR0003ZZ ,PR0003ZZ ,
NJ0000CT ,NJ0000CT ,
FL2245ZZ,,FL2245ZZ
NY7455ZZ,,NY7455ZZ
FL0061ZZ ,FL0061ZZ ,
KY0089ZZ,,KY0089ZZ
OH0143ZZ,,OH0143ZZ
CA0000HH,,CA0000HH
MD0325ZZ,,MD0325ZZ
IL0303ZZ ,IL0303ZZ ,
SD0034ZZ ,SD0034ZZ ,
ME0088ZZ,,ME0088ZZ
WA0550DV ,WA0550DV ,
CA7856ZZ,,CA7856ZZ
VA0321ZZ ,VA0321ZZ ,
WV0226ZZ,WV0226ZZ,WV0226ZZ
NY0000MB,,NY0000MB
GA0025ZZ,,GA0025ZZ
IL2597ZZ,,IL2597ZZ
VA1608ZZ,,VA1608ZZ
ND0000AL ,ND0000AL ,
MD0826WO,MD0826WO,MD0826WO
WA0148ZZ,WA0148ZZ,WA0148ZZ
WA0067BP,,WA0067BP
ME0000BC ,ME0000BC ,
OH0196ZZ ,OH0196ZZ ,
OR0023ZZ ,OR0023ZZ ,
CA0088ZZ,,CA0088ZZ
MD0825WO,MD0825WO,MD0825WO
GA0044ZZ ,GA0044ZZ ,
VA0321ZZ,,VA0321ZZ
NY0399ZZ,,NY0399ZZ
MD0816WO,MD0816WO,MD0816WO
OK1447ZZ,,OK1447ZZ
GA0000AC ,GA0000AC ,
WA0000MB,,WA0000MB
TX2890UC,,TX2890UC
IN0300ZZ,,IN0300ZZ
NC0072ZZ ,NC0072ZZ ,
FL0012ZZ,,FL0012ZZ
FL0017ZZ ,FL0017ZZ ,
MA0076ZZ,MA0076ZZ,MA0076ZZ
AL0004ZZ,,AL0004ZZ
WA0035ZZ,,WA0035ZZ
MI0137ZZ,,MI0137ZZ
OH0033ZZ,OH0033ZZ,OH0033ZZ
MI0118ZZ ,MI0118ZZ ,
NY0311ZZ,,NY0311ZZ
NJ4637ZZ,,NJ4637ZZ
IL2616ZZ,,IL2616ZZ
MN0300ZZ ,MN0300ZZ ,
PR3982ZZ,,PR3982ZZ
TX1514ZZ ,TX1514ZZ ,
PR0003ZZ,,PR0003ZZ
AL0000AB,,AL0000AB
NY7363ZZ,,NY7363ZZ
VT0002ZZ ,VT0002ZZ ,
MT0000AG ,MT0000AG ,
DE0070ZZ,,DE0070ZZ
MD0778AG,,MD0778AG
KY0045ZZ ,KY0045ZZ ,
NH0038ZZ ,NH0038ZZ ,
DC0573PB ,DC0573PB ,
MI2040ZZ,,MI2040ZZ
GA0010AE,,GA0010AE
TN0088ZZ ,TN0088ZZ ,
TX0000YS,,TX0000YS
AR0079ZZ,,AR0079ZZ
NE0531ZZ,,NE0531ZZ
MO0022ZZ,,MO0022ZZ
TN0000AA,,TN0000AA
MD0290ZZ,,MD0290ZZ
IL0000CF,,IL0000CF
NM0000SN ,NM0000SN ,
WA7587ZZ,,WA7587ZZ
VT0014ZZ,VT0014ZZ,VT0014ZZ
VA0034ZZ,VA0034ZZ,VA0034ZZ
SC0041ZZ,SC0041ZZ,SC0041ZZ
UT0032ZZ ,UT0032ZZ ,
TX0211ZZ,,TX0211ZZ
TX0503HS ,TX0503HS ,
MI0724SB,,MI0724SB
IL0302ZZ,,IL0302ZZ
CA7004ZZ,,CA7004ZZ
MD1440ZZ ,MD1440ZZ ,
AR0062ZZ ,AR0062ZZ ,
WA0101ZZ,,WA0101ZZ
WA0000MB ,WA0000MB ,
OH0000CL,OH0000CL,OH0000CL
OH0000CN,,OH0000CN
MD0000WT,MD0000WT,MD0000WT
KS0085ZZ,,KS0085ZZ
WA0540YB,,WA0540YB
WI0096ZZ ,WI0096ZZ ,
AZ0000GG,,AZ0000GG
IN0048ZZ ,IN0048ZZ ,
MD0331ZZ ,MD0331ZZ ,
NY7107ZZ,,NY7107ZZ
TX0000DA ,TX0000DA ,
MI2090ZZ,,MI2090ZZ
FL0039ZZ,,FL0039ZZ
AK0001ZZ,,AK0001ZZ
WA0101ZZ ,WA0101ZZ ,
AL0007ZZ ,AL0007ZZ ,
NC0029ZZ,NC0029ZZ,NC0029ZZ
CA7370ZZ,,CA7370ZZ
CO0533AA ,CO0533AA ,
MN0000GP ,MN0000GP ,
TX0057ZZ ,TX0057ZZ ,
MS0007ZZ,,MS0007ZZ
TX0000PH ,TX0000PH ,
MS0000AA,,MS0000AA
IL0214ZZ ,IL0214ZZ ,
MN0036ZZ,,MN0036ZZ
NY7185ZZ,,NY7185ZZ
NH0037ZZ,,NH0037ZZ
ME0000BV ,ME0000BV ,
ND0037ZZ,,ND0037ZZ
IL0300ZZ ,IL0300ZZ ,
KY0042ZZ,,KY0042ZZ
TX0501HS,TX0501HS,TX0501HS
MO1888ZZ,,MO1888ZZ
VA0773ZZ,,VA0773ZZ
ME0000BH ,ME0000BH ,
CO0625AA ,CO0625AA ,
TX0000PH,,TX0000PH
WV0003ZZ ,WV0003ZZ ,
TX0000PD,,TX0000PD
ND0006ZZ ,ND0006ZZ ,
MA5780ZZ,,MA5780ZZ
MA0153ZZ,,MA0153ZZ
OH2158ZZ,OH2158ZZ,OH2158ZZ
OH0192ZZ ,OH0192ZZ ,
CA0000WW ,CA0000WW ,
IN1703ZZ,,IN1703ZZ
AK0029ZZ ,AK0029ZZ ,
TX0247ZZ,,TX0247ZZ
NY7321ZZ,NY7321ZZ,NY7321ZZ
WA0045ZZ,,WA0045ZZ
LA0085ZZ,,LA0085ZZ
CO0053ZZ,,CO0053ZZ
NY7030ZZ,,NY7030ZZ
WI0044ZZ ,WI0044ZZ ,
MD0811WO,MD0811WO,MD0811WO
CO0511AA ,CO0511AA ,
WA0122HQ ,WA0122HQ ,
IL2450ZZ,,IL2450ZZ
NC1046ZZ,,NC1046ZZ
NJ0145ZZ,,NJ0145ZZ
ND0045ZZ,,ND0045ZZ
TX0130ZZ,,TX0130ZZ
TX2387ZZ,,TX2387ZZ
GA0008ZZ ,GA0008ZZ ,
TX0000LR,,TX0000LR
MA0180ZZ,,MA0180ZZ
TX0000LT,,TX0000LT
TX0272ZZ ,TX0272ZZ ,
FL0000AC ,FL0000AC ,
MD0240ZZ,,MD0240ZZ
WY0003ZZ,,WY0003ZZ
NY7248ZZ,,NY7248ZZ
ND0002ZZ ,ND0002ZZ ,
CO0054ZZ ,CO0054ZZ ,
TX0000BN,,TX0000BN
NY7109ZZ,,NY7109ZZ
OH2093ZZ,OH2093ZZ,OH2093ZZ
WI0044ZZ,,WI0044ZZ
CA0235ZZ ,CA0235ZZ ,
DC0014PB,,DC0014PB
SC0000AA,SC0000AA,SC0000AA
TX0441ZZ,TX0441ZZ,TX0441ZZ
SC0000AC,SC0000AC,SC0000AC
MI1868ZZ,,MI1868ZZ
MS0065ZZ ,MS0065ZZ ,
SD0021ZZ,,SD0021ZZ
GA0078ZZ ,GA0078ZZ ,
TX0999NW ,TX0999NW ,
NY6444ZZ,,NY6444ZZ
CO0660AA ,CO0660AA ,
DC0017ZZ ,DC0017ZZ ,
VT0026ZZ ,VT0026ZZ ,
CA0149ZZ,,CA0149ZZ
DC0000BE ,DC0000BE ,
AK0005AK ,AK0005AK ,
VA0909ZZ,,VA0909ZZ
VA0000CT ,VA0000CT ,
ND0037ZZ ,ND0037ZZ ,
UT0018ZZ,UT0018ZZ,UT0018ZZ
TX0000LW,,TX0000LW
PA0627ZZ,,PA0627ZZ
CT0059ZZ,,CT0059ZZ
WA0000KF ,WA0000KF ,
MI0146ZZ ,MI0146ZZ ,
PR0000FP ,PR0000FP ,
John Weld Peck Federal Buildin,John Weld Peck Federal Buildin,
MD0000AG ,MD0000AG ,
NY6267ZZ,,NY6267ZZ
GA0087AD,,GA0087AD
GA0103ZZ,,GA0103ZZ
DC0035ZZ,DC0035ZZ,DC0035ZZ
SC0020ZZ,,SC0020ZZ
CO0000AA ,CO0000AA ,
OR0052ZZ ,OR0052ZZ ,
IL0000CF ,IL0000CF ,
MD0817WO,MD0817WO,MD0817WO
CO0644AA/CO0662AA ,CO0644AA/CO0662AA ,
MD0765WO,MD0765WO,MD0765WO
VI3795ZZ,,VI3795ZZ
MT0004ZZ,,MT0004ZZ
MI0404ZZ ,MI0404ZZ ,
VI0008ZZ,,VI0008ZZ
AX0008RE,,AX0008RE
TX0000CB ,TX0000CB ,
VA0003ZZ ,VA0003ZZ ,
IA0027ZZ ,IA0027ZZ ,
CA0000GG,,CA0000GG
MA0011ZZ,,MA0011ZZ
FL0079ZZ ,FL0079ZZ ,
MI0118ZZ,,MI0118ZZ
FL0064AE ,FL0064AE ,
NY7415ZZ,,NY7415ZZ
TX1877ZZ,,TX1877ZZ
DC0027ZZ,DC0027ZZ,DC0027ZZ
CO0529AA ,CO0529AA ,
TX0000JL,,TX0000JL
TX2458ZZ,,TX2458ZZ
MI0143ZZ ,MI0143ZZ ,
DC0021ZZ,DC0021ZZ,DC0021ZZ
AX0006RE,,AX0006RE
VT0020SW ,VT0020SW ,
CT0053ZZ,,CT0053ZZ
AX0002RE,,AX0002RE
CO0054ZZ,,CO0054ZZ
SD0035ZZ,,SD0035ZZ
NV0304ZZ,,NV0304ZZ
MN0084ZZ,,MN0084ZZ
MI0000DI,,MI0000DI
MA0136ZZ,,MA0136ZZ
TX0000RY,,TX0000RY
MS0083ZZ ,MS0083ZZ ,
AZ0303ZZ,,AZ0303ZZ
TX0211ZZ ,TX0211ZZ ,
NY7044ZZ,NY7044ZZ,NY7044ZZ
PA0260ZZ,,PA0260ZZ
CA0272ZZ,,CA0272ZZ
FL0039ZZ ,FL0039ZZ ,
NE0531ZZ ,NE0531ZZ ,
NY0002ZZ,,NY0002ZZ
NE0056ZZ,,NE0056ZZ
CA6764ZZ,,CA6764ZZ
MN0087ZZ ,MN0087ZZ ,
PR4010ZZ,,PR4010ZZ
MS0083ZZ,,MS0083ZZ
MO0127ZZ ,MO0127ZZ ,
OH0302ZZ,,OH0302ZZ
VI0007ZZ ,VI0007ZZ ,
NY0131ZZ ,NY0131ZZ ,
ND0000AO ,ND0000AO ,
PA0260ZZ ,PA0260ZZ ,
OR0000PT,,OR0000PT
ID0025ZZ,,ID0025ZZ
CA0152ZZ ,CA0152ZZ ,
AL0028ZZ ,AL0028ZZ ,
MD0810WO ,MD0810WO ,
AZ0000BB ,AZ0000BB ,
DC0400ZZ,DC0400ZZ,DC0400ZZ
MD0827WO,,MD0827WO
NY7143ZZ,,NY7143ZZ
CO0654AA ,CO0654AA ,
IA0030ZZ ,IA0030ZZ ,
NY7383ZZ,,NY7383ZZ
TN0011ZZ,,TN0011ZZ
IN0126ZZ ,IN0126ZZ ,
TX0000LI,,TX0000LI
MO0039ZZ,,MO0039ZZ
NJ4555ZZ,,NJ4555ZZ
DC0029ZZ ,DC0029ZZ ,
MD0797ZZ,,MD0797ZZ
CO0000XX,,CO0000XX
IN0031ZZ,,IN0031ZZ
GA0000AB ,GA0000AB ,
DC1105ZZ,,DC1105ZZ
NC0028ZZ ,NC0028ZZ ,
MD0232ZZ ,MD0232ZZ ,
AK0013ZZ ,AK0013ZZ ,
MI0000MC,,MI0000MC
NY7395ZZ,,NY7395ZZ
IL0059ZZ ,IL0059ZZ ,
FL0067ZZ,,FL0067ZZ
NC0113ZZ,NC0113ZZ,NC0113ZZ
MD0334ZZ,MD0334ZZ,MD0334ZZ
MA0138ZZ,,MA0138ZZ
MO0050ZZ,MO0050ZZ,MO0050ZZ
TX0000ES ,TX0000ES ,
IN0621NH,,IN0621NH
OK0000OC ,OK0000OC ,
MI0072ZZ ,MI0072ZZ ,
NY5718ZZ,,NY5718ZZ
IL2177ZZ,,IL2177ZZ
WA0045ZZ ,WA0045ZZ ,
CO0053ZZ ,CO0053ZZ ,
TX0075ZZ,,TX0075ZZ
NC0000AB,,NC0000AB
OH0100ZZ ,OH0100ZZ ,
IL2516ZZ,,IL2516ZZ
MA0180ZZ ,MA0180ZZ ,
AR0084ZZ ,AR0084ZZ ,
NJ0056ZZ,,NJ0056ZZ
VA0000CT,,VA0000CT
NM0050ZZ,,NM0050ZZ
PA0000AT ,PA0000AT ,
LA0070ZZ,,LA0070ZZ
IL0032ZZ ,IL0032ZZ ,
KS0086ZZ,,KS0086ZZ
ND0038ZZ ,ND0038ZZ ,
AK0000AB,,AK0000AB
AK0000AA,,AK0000AA
DC0111ZZ,,DC0111ZZ
DC0094ZZ ,DC0094ZZ ,
GA2637ZZ,,GA2637ZZ
VI3918ZZ,,VI3918ZZ
MD0239ZZ,,MD0239ZZ
IN0057ZZ ,IN0057ZZ ,
AK0000AH,,AK0000AH
WA0132PA,,WA0132PA
MI0724SB ,MI0724SB ,
FL3216ZZ,,FL3216ZZ
ME0078ZZ ,ME0078ZZ ,
MS0008ZZ ,MS0008ZZ ,
TX2421ZZ,,TX2421ZZ
IL2274ZZ,,IL2274ZZ
WY0030ZZ ,WY0030ZZ ,
GA0057ZZ ,GA0057ZZ ,
CO0520AA ,CO0520AA ,
NJ4594ZZ,,NJ4594ZZ
MD0225ZZ,,MD0225ZZ
IL0220ZZ ,IL0220ZZ ,
OR0043ZZ ,OR0043ZZ ,
NY7410ZZ,,NY7410ZZ
NH0033ZZ,,NH0033ZZ
AR0066ZZ,,AR0066ZZ
DC0573PB,,DC0573PB
DC0113ZZ ,DC0113ZZ ,
AK0514ZZ,,AK0514ZZ
MN0036ZZ ,MN0036ZZ ,
TX0210ZZ,,TX0210ZZ
NH0030ZZ ,NH0030ZZ ,
TX0000CB,,TX0000CB
GA0044ZZ,,GA0044ZZ
WV0171ZZ ,WV0171ZZ ,
TX0000RM ,TX0000RM ,
WI0350ZZ ,WI0350ZZ ,
TX0316ZZ,,TX0316ZZ
TX0000CV,,TX0000CV
ME0000BX ,ME0000BX ,
TX0000CR,,TX0000CR
MA0131ZZ,,MA0131ZZ
TX0000DR,,TX0000DR
MS0065ZZ,,MS0065ZZ
PA0000BG ,PA0000BG ,
MS0082ZZ ,MS0082ZZ ,
UT0039ZZ ,UT0039ZZ ,
MO0147ZZ,,MO0147ZZ
NY0130ZZ,,NY0130ZZ
TX0000DA,,TX0000DA
CA0309ZZ,,CA0309ZZ
PA0233ZZ ,PA0233ZZ ,
VT0029SW,,VT0029SW
FL0000AC,,FL0000AC
AR0021ZZ ,AR0021ZZ ,
TX0000DL,,TX0000DL
FL0000AD,,FL0000AD
TX0000DO,,TX0000DO
WV0163ZZ ,WV0163ZZ ,
AZ0303ZZ ,AZ0303ZZ ,
NY0002ZZ ,NY0002ZZ ,
ME0035ZZ ,ME0035ZZ ,
OR0053ZZ ,OR0053ZZ ,
AR0000RK,,AR0000RK
TX0006ZZ,,TX0006ZZ
TX0101ZZ ,TX0101ZZ ,
VT0018ZZ ,VT0018ZZ ,
VA0578ZZ,,VA0578ZZ
MD0511ZZ,,MD0511ZZ
MT0042ZZ ,MT0042ZZ ,
IL0032ZZ,,IL0032ZZ
MI0073ZZ ,MI0073ZZ ,
VA0858ZZ,,VA0858ZZ
NY7381ZZ,,NY7381ZZ
TN0016ZZ,,TN0016ZZ
CA0273ZZ ,CA0273ZZ ,
MD0055ZZ,,MD0055ZZ
DC0321ZZ,,DC0321ZZ
DC0000SE ,DC0000SE ,
MD0068ZZ,MD0068ZZ,MD0068ZZ
VI3977ZZ,,VI3977ZZ
PA0881ZZ,,PA0881ZZ
CA0305ZZ,,CA0305ZZ
WV0054FP ,WV0054FP ,
TX0000YS ,TX0000YS ,
IL2470ZZ,,IL2470ZZ
WY0035ZZ,,WY0035ZZ
ND0006ZZ,,ND0006ZZ
OH0215ZZ,,OH0215ZZ
MI0029ZZ,,MI0029ZZ
AZ0000HH ,AZ0000HH ,
CO0000XX ,CO0000XX ,
TX0000SA ,TX0000SA ,
GA0030ZZ ,GA0030ZZ ,
DC0010ZZ,,DC0010ZZ
TX0069ZZ,,TX0069ZZ
WA0119PR ,WA0119PR ,
VA1605ZZ,,VA1605ZZ
VA1628ZZ,,VA1628ZZ
DC0094ZZ,,DC0094ZZ
AZ0369ZZ,AZ0369ZZ,AZ0369ZZ
AK0000AB ,AK0000AB ,
WA0102ZZ,,WA0102ZZ
SC0028ZZ,SC0028ZZ,SC0028ZZ
KY0045ZZ,,KY0045ZZ
ME0000BJ ,ME0000BJ ,
WV0010ZZ,,WV0010ZZ
WV0000WH ,WV0000WH ,
TX0000DL ,TX0000DL ,
TX0224ZZ,,TX0224ZZ
WA0066BP ,WA0066BP ,
WA0550DV,,WA0550DV
Test Potte,Test Potte,
NY6448ZZ,NY6448ZZ,NY6448ZZ
CA0221ZZ ,CA0221ZZ ,
TX0000HF ,TX0000HF ,
PA0000AT,,PA0000AT
MA0013ZZ,,MA0013ZZ
IL0311ZZ,IL0311ZZ,IL0311ZZ
VA1573ZZ,,VA1573ZZ
TX0000BN ,TX0000BN ,
AL0079ZZ,,AL0079ZZ
TX0000MC,,TX0000MC
TX0000MA,,TX0000MA
CA9551RR ,CA9551RR ,
VA0095ZZ ,VA0095ZZ ,
TEST FACILITY ,TEST FACILITY ,
UT0037ZZ ,UT0037ZZ ,
MO0039ZZ ,MO0039ZZ ,
LA0034ZZ,,LA0034ZZ
WA0063ZZ,,WA0063ZZ
NY0300ZZ,,NY0300ZZ
TX0292ZZ,,TX0292ZZ
MO1867ZZ,,MO1867ZZ
WY0035ZZ ,WY0035ZZ ,
TX0000HO ,TX0000HO ,
TX0000RY ,TX0000RY ,
CO0050ZZ,,CO0050ZZ
CA0306ZZ ,CA0306ZZ ,
PR0023ZZ,,PR0023ZZ
AZ0051ZZ,,AZ0051ZZ
AL0000AB ,AL0000AB ,
CA0000BB ,CA0000BB ,
MS0007ZZ ,MS0007ZZ ,
NE0018ZZ ,NE0018ZZ ,
PA0000BG,,PA0000BG
OH2255ZZ,,OH2255ZZ
AK0013ZZ,,AK0013ZZ
NC0000AE ,NC0000AE ,
WA0082ZZ,,WA0082ZZ
IA0027ZZ,,IA0027ZZ
TX0313ZZ ,TX0313ZZ ,
NY6408ZZ,,NY6408ZZ
NM0047ZZ ,NM0047ZZ ,
MA0013ZZ ,MA0013ZZ ,
NM0061ZZ,,NM0061ZZ
WA0053ZZ ,WA0053ZZ ,
CA0041ZZ,,CA0041ZZ
TN0016ZZ ,TN0016ZZ ,
NY0282ZZ,,NY0282ZZ
OH0046ZZ ,OH0046ZZ ,
LA0070ZZ ,LA0070ZZ ,
MN0084ZZ ,MN0084ZZ ,
CA0000SS,,CA0000SS
CA0083ZZ,CA0083ZZ,CA0083ZZ
NY0216ZZ ,NY0216ZZ ,
NV7300ZZ,,NV7300ZZ
CA0000SS ,CA0000SS ,
CA0000AA,CA0000AA,CA0000AA
CA0186ZZ ,CA0186ZZ ,
NM0061ZZ ,NM0061ZZ ,
VA0415ZZ,,VA0415ZZ
NE0051ZZ ,NE0051ZZ ,
CA9551RR,,CA9551RR
ME0074HO ,ME0074HO ,
CA0198ZZ,CA0198ZZ,CA0198ZZ
AX5555AX,,AX5555AX
MI0402ZZ,,MI0402ZZ
FL0010ZZ,,FL0010ZZ
NY7099ZZ,,NY7099ZZ
GA0121ZZ,,GA0121ZZ
NC0020ZZ,NC0020ZZ,NC0020ZZ
MN0000GP,,MN0000GP
NJ4622ZZ,NJ4622ZZ,NJ4622ZZ
CO0051ZZ,,CO0051ZZ
IL0154ZZ ,IL0154ZZ ,
PA0280ZZ,,PA0280ZZ
TX0081ZZ,,TX0081ZZ
NY7496ZZ,,NY7496ZZ
ND0038ZZ,,ND0038ZZ
CA0093ZZ,,CA0093ZZ
IL2339ZZ,,IL2339ZZ
TX0224ZZ ,TX0224ZZ ,
TX0210ZZ ,TX0210ZZ ,
GA0036ZZ,,GA0036ZZ
CA0000JJ,,CA0000JJ
ME0051ZZ ,ME0051ZZ ,
ID0027ZZ,,ID0027ZZ
IN0048ZZ,,IN0048ZZ
GA0138ZZ ,GA0138ZZ ,
DC0033ZZ ,DC0033ZZ ,
KY0013ZZ,,KY0013ZZ
NY0626MI ,NY0626MI ,
IL2527ZZ,,IL2527ZZ
TX0000EL ,TX0000EL ,
FL0061ZZ,,FL0061ZZ
DC0083ZZ ,DC0083ZZ ,
NM0000CL,NM0000CL,NM0000CL
NM0038ZZ,,NM0038ZZ
CO0009ZZ,,CO0009ZZ
MD0227ZZ,,MD0227ZZ
NY0000OC,,NY0000OC
CA0221ZZ,,CA0221ZZ
VA0719ZZ ,VA0719ZZ ,
MI0000DI ,MI0000DI ,
NY0000IY ,NY0000IY ,
IA0112ZZ,,IA0112ZZ
OH2030ZZ,OH2030ZZ,OH2030ZZ
NY7263ZZ,,NY7263ZZ
IL2225ZZ,,IL2225ZZ
IL1889ZZ,,IL1889ZZ
NY0270ZZ ,NY0270ZZ ,
NY7223ZZ,,NY7223ZZ
IL2166ZZ,,IL2166ZZ
CO0050ZZ ,CO0050ZZ ,
AX0001RE,,AX0001RE
GA0008ZZ,,GA0008ZZ
NY0351ZZ,,NY0351ZZ
NC0058ZZ,,NC0058ZZ
MD0394ZZ,,MD0394ZZ
CA0000HH ,CA0000HH ,
PR0023ZZ ,PR0023ZZ ,
AZ0052ZZ ,AZ0052ZZ ,
PA0143ZZ ,PA0143ZZ ,
AK0001ZZ ,AK0001ZZ ,
DC0113ZZ,,DC0113ZZ
VI3785ZZ,,VI3785ZZ
IA0119ZZ,,IA0119ZZ
NC0028ZZ,,NC0028ZZ
KY0059ZZ ,KY0059ZZ ,
NH0038ZZ,,NH0038ZZ
VT0035ZZ,,VT0035ZZ
NJ4533ZZ,,NJ4533ZZ
NY5668ZZ,,NY5668ZZ
TX0012ZZ ,TX0012ZZ ,
CA0281ZZ,,CA0281ZZ
MD0804WO,MD0804WO,MD0804WO
GA2054ZZ,,GA2054ZZ
OK0000CT,,OK0000CT
NY7182ZZ,,NY7182ZZ
NY7138ZZ,NY7138ZZ,NY7138ZZ
IL0317ZZ,,IL0317ZZ
KY0062ZZ,,KY0062ZZ
CA0235ZZ,,CA0235ZZ
AL0004ZZ ,AL0004ZZ ,
TX0397ZZ,TX0397ZZ,TX0397ZZ
NV0012ZZ ,NV0012ZZ ,
ME0000BE,ME0000BE,ME0000BE
ME0000BF,ME0000BF,ME0000BF
IL2495ZZ,,IL2495ZZ
CA0093ZZ ,CA0093ZZ ,
VT0756BT,VT0756BT,VT0756BT
ME0000BC,,ME0000BC
ME0000BL,ME0000BL,ME0000BL
PA0817ZZ,,PA0817ZZ
DC0720ZZ,DC0720ZZ,DC0720ZZ
ME0000BH,,ME0000BH
ME0000BI,,ME0000BI
ME0000BJ,,ME0000BJ
GA0076ZZ,,GA0076ZZ
ME0000BT,ME0000BT,ME0000BT
MT0046ZZ,,MT0046ZZ
ME0000BV,,ME0000BV
NY0355ZZ ,NY0355ZZ ,
ME0000BP,ME0000BP,ME0000BP
MD0006ZZ ,MD0006ZZ ,
NY0282ZZ ,NY0282ZZ ,
TX1860ZZ,,TX1860ZZ
IL2558ZZ,,IL2558ZZ
ME0000BX,,ME0000BX
TX0000FB ,TX0000FB ,
IL2499ZZ,,IL2499ZZ
NY7503ZZ,NY7503ZZ,NY7503ZZ
KY0059ZZ,,KY0059ZZ
TN0096ZZ,,TN0096ZZ
CA0167ZZ ,CA0167ZZ ,
PA0280ZZ ,PA0280ZZ ,
MN0092ZZ ,MN0092ZZ ,
PR3956ZZ,,PR3956ZZ
NY6214ZZ,,NY6214ZZ
ND0014ZZ,,ND0014ZZ
IL0300ZZ,,IL0300ZZ
CO0006ZZ ,CO0006ZZ ,
MD0731WO,MD0731WO,MD0731WO
DC0048ZZ ,DC0048ZZ ,
WA0540YB ,WA0540YB ,
WV0000WH,,WV0000WH
NJ4508ZZ,,NJ4508ZZ
OH0195ZZ,,OH0195ZZ
MT0004ZZ ,MT0004ZZ ,
TN0021ZZ ,TN0021ZZ ,
TN0006ZZ ,TN0006ZZ ,
WY0030ZZ,,WY0030ZZ
IL2332ZZ,,IL2332ZZ
NV0013ZZ ,NV0013ZZ ,
AZ0058ZZ ,AZ0058ZZ ,
WA0000KA,,WA0000KA
WA0000KC,WA0000KC,WA0000KC
NY7243ZZ,,NY7243ZZ
FL0067ZZ ,FL0067ZZ ,
TX0126ZZ,,TX0126ZZ
DC0463ZZ,,DC0463ZZ
AZ0000AA ,AZ0000AA ,
TX0247ZZ ,TX0247ZZ ,
MI0401ZZ ,MI0401ZZ ,
IL2233ZZ,,IL2233ZZ
NY0196ZZ,,NY0196ZZ
LA1261ZZ,,LA1261ZZ
SC0010ZZ,SC0010ZZ,SC0010ZZ
TN0010ZZ,,TN0010ZZ
TX0000RM,,TX0000RM
LA0000BT ,LA0000BT ,
TX0075ZZ ,TX0075ZZ ,
KY0006ZZ ,KY0006ZZ ,
WV0050ZZ,,WV0050ZZ
MD1440ZZ,,MD1440ZZ
HI0011ZZ,,HI0011ZZ
MI0407CI,,MI0407CI
AX0004RE,,AX0004RE
CO0659AA ,CO0659AA ,
VA0020ZZ ,VA0020ZZ ,
WA0118ZZ ,WA0118ZZ ,
DC0463ZZ ,DC0463ZZ ,
ME0091ZZ,ME0091ZZ,ME0091ZZ
CA0000BB,,CA0000BB
OR0023ZZ,,OR0023ZZ
TX0319ZZ,,TX0319ZZ
TX0701HO ,TX0701HO ,
NE0056ZZ ,NE0056ZZ ,
NC2582ZZ,,NC2582ZZ
CA0272ZZ ,CA0272ZZ ,
WY0029ZZ,,WY0029ZZ
MD0278ZZ ,MD0278ZZ ,
OH0194ZZ,,OH0194ZZ
WV1251ZZ,,WV1251ZZ
OR0033PE ,OR0033PE ,
MA0135ZZ,,MA0135ZZ
TX0292ZZ ,TX0292ZZ ,
MA0051ZZ ,MA0051ZZ ,
VT0008ZZ,VT0008ZZ,VT0008ZZ
ME0034ZZ,,ME0034ZZ
FL0000AE ,FL0000AE ,
VA0405ZZ,,VA0405ZZ
NJ0108ZZ,,NJ0108ZZ
IL2299ZZ,,IL2299ZZ
NY0351ZZ ,NY0351ZZ ,
NY0196ZZ ,NY0196ZZ ,
NJ4531ZZ,,NJ4531ZZ
WA0028ZZ ,WA0028ZZ ,
WA0000BN ,WA0000BN ,
TX0000MF ,TX0000MF ,
DC0001ZZ ,DC0001ZZ ,
NY2432ZZ,,NY2432ZZ
DC0026ZZ,,DC0026ZZ
AR0079ZZ ,AR0079ZZ ,
LA0029ZZ ,LA0029ZZ ,
SC0020ZZ ,SC0020ZZ ,
MS0082ZZ,,MS0082ZZ
DC0459AF ,DC0459AF ,
AL0055ZZ ,AL0055ZZ ,
MO1741ZZ,,MO1741ZZ
ME0034ZZ ,ME0034ZZ ,
MD9999WO,,MD9999WO
IL0214ZZ,,IL0214ZZ
MO0147ZZ ,MO0147ZZ ,
AL2207ZZ,,AL2207ZZ
KS0070ZZ ,KS0070ZZ ,
TX0298ZZ,TX0298ZZ,TX0298ZZ
TX0019ZZ,,TX0019ZZ
TX0000EP,,TX0000EP
MI1923ZZ,,MI1923ZZ
MN0300ZZ,,MN0300ZZ
GA0103ZZ ,GA0103ZZ ,
NJ4575ZZ,,NJ4575ZZ
IN0057ZZ,,IN0057ZZ
MO0000AD,,MO0000AD
MA0129ZZ,,MA0129ZZ
MD0055ZZ ,MD0055ZZ ,
AK0000AA ,AK0000AA ,
TX0000PD ,TX0000PD ,
PA0143ZZ,,PA0143ZZ
GA0076ZZ ,GA0076ZZ ,
VI3862ZZ,,VI3862ZZ
TX0000EL,,TX0000EL
NY0353ZZ,,NY0353ZZ
IL0154ZZ,,IL0154ZZ
CO0532AA ,CO0532AA ,
NM0035ZZ ,NM0035ZZ ,
GA0134ZZ ,GA0134ZZ ,
DC0566ZZ,,DC0566ZZ
KY0042ZZ ,KY0042ZZ ,
VA0686ZZ,,VA0686ZZ
PA0676ZZ,,PA0676ZZ
TX0311ZZ,,TX0311ZZ
AL0010ZZ ,AL0010ZZ ,
OH0215ZZ ,OH0215ZZ ,
WA0064ZZ ,WA0064ZZ ,
DC0313ZZ,,DC0313ZZ
CT0053ZZ ,CT0053ZZ ,
OR0000MM,,OR0000MM
AK0000AH ,AK0000AH ,
AR0000RK ,AR0000RK ,
FL0010ZZ ,FL0010ZZ ,
GA0114ZZ ,GA0114ZZ ,
ND0002ZZ,,ND0002ZZ
TEST FACILIT,TEST FACILIT,
CA0305ZZ ,CA0305ZZ ,
AR0031ZZ ,AR0031ZZ ,
IL2543ZZ,,IL2543ZZ
TX0000CR ,TX0000CR ,
NY7134ZZ,,NY7134ZZ
VA0686ZZ ,VA0686ZZ ,
CA0000KK,,CA0000KK
HI0001ZZ,,HI0001ZZ
WV0171ZZ,,WV0171ZZ
MO0095ZZ ,MO0095ZZ ,
VA0825ZZ,,VA0825ZZ
OH0195ZZ ,OH0195ZZ ,
NY7555ZZ,,NY7555ZZ
VA0020ZZ,,VA0020ZZ
Potter Stewart Courthous,Potter Stewart Courthous,
CO0516AA ,CO0516AA ,
AL0000AC ,AL0000AC ,
OH2138ZZ,OH2138ZZ,
FL0025ZZ,,FL0025ZZ
NC0090ZZ ,NC0090ZZ ,
OH0196ZZ,,OH0196ZZ
CT0061ZZ ,CT0061ZZ ,
NC0000AB ,NC0000AB ,
NE0018ZZ,,NE0018ZZ
VA0054ZZ,,VA0054ZZ
TX0313ZZ,,TX0313ZZ
SD0038ZZ ,SD0038ZZ ,
WY0004ZZ ,WY0004ZZ ,
CA0316ZZ ,CA0316ZZ ,
TN0029ZZ,,TN0029ZZ
GA0030ZZ,,GA0030ZZ
WA0000KF,,WA0000KF
TX0000NW ,TX0000NW ,
LA0029ZZ,,LA0029ZZ
OH0194ZZ ,OH0194ZZ ,
NJ0000CT,,NJ0000CT
NY0000MB ,NY0000MB ,
IL0000FC ,IL0000FC ,
SD0034ZZ,,SD0034ZZ
NJ0144ZZ ,NJ0144ZZ ,
FL0057ZZ ,FL0057ZZ ,
OR0000MM ,OR0000MM ,
LA0002ZZ,,LA0002ZZ
MN0015ZZ ,MN0015ZZ ,
NV0013ZZ,,NV0013ZZ
TX0000LI ,TX0000LI ,
FL0030ZZ,,FL0030ZZ
PA0588ZZ ,PA0588ZZ ,
ND0008ZZ ,ND0008ZZ ,
NM0050ZZ ,NM0050ZZ ,
VA0843ZZ,,VA0843ZZ
SC2039ZZ,,SC2039ZZ
KY0089ZZ ,KY0089ZZ ,
AR0078ZZ ,AR0078ZZ ,
DC1147ZZ,,DC1147ZZ
AL0046ZZ,,AL0046ZZ
WA0059ZZ ,WA0059ZZ ,
AZ0307ZZ ,AZ0307ZZ ,
PA6385ZZ,,PA6385ZZ
MD0778AG ,MD0778AG ,
GA0007ZZ,,GA0007ZZ
GA0000AC,,GA0000AC
GA0000AB,,GA0000AB
NY0355ZZ,,NY0355ZZ
WA0094ZZ ,WA0094ZZ ,
IL2275ZZ,,IL2275ZZ
CO0518AA ,CO0518AA ,
CO0000AA,,CO0000AA
GA0114ZZ,,GA0114ZZ
CT3375ZZ,,CT3375ZZ
KS0085ZZ ,KS0085ZZ ,
TX0319ZZ ,TX0319ZZ ,
MD0317ZZ,,MD0317ZZ
MD0006ZZ,,MD0006ZZ
VA0000AN ,VA0000AN ,
CA6764ZZ ,CA6764ZZ ,
NY0131ZZ,,NY0131ZZ
NH0036ZZ,,NH0036ZZ
WA0036ZZ,,WA0036ZZ
ID0025ZZ ,ID0025ZZ ,
IL2460ZZ,,IL2460ZZ
DE0016ZZ,,DE0016ZZ
LA0035ZZ,,LA0035ZZ
KS0092ZZ,,KS0092ZZ
CO0018ZZ,,CO0018ZZ
MI0000CI,MI0000CI,MI0000CI
AK0005AK,,AK0005AK
WV0003ZZ,,WV0003ZZ
PA0233ZZ,,PA0233ZZ
IL0315ZZ,IL0315ZZ,IL0315ZZ
CO0626AA ,CO0626AA ,
VA0088ZZ,,VA0088ZZ
PA0267ZZ,,PA0267ZZ
AR0031ZZ,,AR0031ZZ
VA0087ZZ ,VA0087ZZ ,
WV0053ZZ,,WV0053ZZ
CA0167ZZ,,CA0167ZZ
CA7462ZZ,,CA7462ZZ
TN0012ZZ,,TN0012ZZ
PA0261ZZ,,PA0261ZZ
TX0000ES,,TX0000ES
MA0113ZZ ,MA0113ZZ ,
CA0194ZZ,CA0194ZZ,CA0194ZZ
TX0019ZZ ,TX0019ZZ ,
UT0014ZZ ,UT0014ZZ ,
VA0719ZZ,,VA0719ZZ
WA0141BP,,WA0141BP
VA0284ZZ,,VA0284ZZ
MD1851WO,MD1851WO,MD1851WO
NY6385ZZ,,NY6385ZZ
UT0017ZZ ,UT0017ZZ ,
CA0000GG ,CA0000GG ,
NJ0144ZZ,,NJ0144ZZ
DC0000SE,,DC0000SE
TX0000PN,,TX0000PN
FL0064AE,,FL0064AE
IL2521ZZ,,IL2521ZZ
NY7127ZZ,,NY7127ZZ
WV0010ZZ ,WV0010ZZ ,
FL0089ZZ,,FL0089ZZ
ND0018ZZ,,ND0018ZZ
WA0035ZZ ,WA0035ZZ ,
AK0514ZZ ,AK0514ZZ ,
DC0313ZZ ,DC0313ZZ ,
TN0000AA ,TN0000AA ,
WA7587ZZ ,WA7587ZZ ,
TX0000LW ,TX0000LW ,
TX0999NW,,TX0999NW
WV0054FP,,WV0054FP
MD1034ZZ,,MD1034ZZ
CO0515AA ,CO0515AA ,
CA0041ZZ ,CA0041ZZ ,
IL0302ZZ ,IL0302ZZ ,
TX0057ZZ,,TX0057ZZ
IL2223ZZ,,IL2223ZZ
CA0295ZZ,,CA0295ZZ
GA0009ZZ ,GA0009ZZ ,
OH2058ZZ,,OH2058ZZ
VT0000BP ,VT0000BP ,
MD0331WO,MD0331WO,MD0331WO
AR0084ZZ,,AR0084ZZ
UT0017ZZ,,UT0017ZZ
TN0096ZZ ,TN0096ZZ ,
LA0000NE ,LA0000NE ,
WA0000FB ,WA0000FB ,
GA0118ZZ ,GA0118ZZ ,
DC0034ZZ,,DC0034ZZ
MD0197ZZ,,MD0197ZZ
PA0158ZZ,,PA0158ZZ
NY0300ZZ ,NY0300ZZ ,
ME0087ZZ,,ME0087ZZ
IL0303ZZ,,IL0303ZZ
NY7252ZZ,,NY7252ZZ
SD0021ZZ ,SD0021ZZ ,
NY0586ZZ ,NY0586ZZ ,
IN0031ZZ ,IN0031ZZ ,
TX0000FW,,TX0000FW
NY7171ZZ,,NY7171ZZ
AZ0000CC,,AZ0000CC
CA0168ZZ ,CA0168ZZ ,
MT0042ZZ,,MT0042ZZ
FL2245ZZ ,FL2245ZZ ,
WV0050ZZ ,WV0050ZZ ,
OH0192ZZ,,OH0192ZZ
ME0035ZZ,,ME0035ZZ
GA0125ZZ ,GA0125ZZ ,
TX0000FB,,TX0000FB
GA0009ZZ,,GA0009ZZ
FL0030ZZ ,FL0030ZZ ,
TX0000FH,TX0000FH,TX0000FH
VT0002ZZ,,VT0002ZZ
VI3821ZZ,,VI3821ZZ
OH0301ZZ ,OH0301ZZ ,
WA0089HQ ,WA0089HQ ,
IA0087ZZ ,IA0087ZZ ,
SC2046ZZ ,SC2046ZZ ,
NY0304ZZ ,NY0304ZZ ,
DC0086ZZ ,DC0086ZZ ,
MI0000MC ,MI0000MC ,
OR0045ZZ ,OR0045ZZ ,
DC0105ZZ ,DC0105ZZ ,
NH0036ZZ ,NH0036ZZ ,
ND0014ZZ ,ND0014ZZ ,
VA0817ZZ,,VA0817ZZ
MI0029ZZ ,MI0029ZZ ,
NJ4621ZZ,,NJ4621ZZ
AZ0015ZZ ,AZ0015ZZ ,
TX0000TG,TX0000TG,TX0000TG
Test Pec,Test Pec,
NY6437ZZ,,NY6437ZZ
NY0323ZZ ,NY0323ZZ ,
MA0011ZZ ,MA0011ZZ ,
AZ0000DD,,AZ0000DD
NY7066ZZ,,NY7066ZZ
FL0000AD ,FL0000AD ,
NE0051ZZ,,NE0051ZZ
MD0000HC,,MD0000HC
TX0000TY,,TX0000TY
NY0416CB,,NY0416CB
NV0294ZZ ,NV0294ZZ ,
KY0000AB ,KY0000AB ,
IA0112ZZ ,IA0112ZZ ,
MS0079ZZ,,MS0079ZZ
VT0851BW ,VT0851BW ,
CA0154ZZ ,CA0154ZZ ,
KS0070ZZ,,KS0070ZZ
UT0010ZZ ,UT0010ZZ ,
CA0315ZZ,,CA0315ZZ
DC0309ZZ,,DC0309ZZ
TN0011ZZ ,TN0011ZZ ,
FL0002AE,,FL0002AE
MD0803ZZ,,MD0803ZZ
NM0030ZZ ,NM0030ZZ ,
NY0130ZZ ,NY0130ZZ ,
NY7343ZZ,,NY7343ZZ
OK1446ZZ,,OK1446ZZ
VT0034ZZ,VT0034ZZ,VT0034ZZ
CO0527AA ,CO0527AA ,
NM0502ZZ,,NM0502ZZ
NJ0148ZZ,NJ0148ZZ,NJ0148ZZ
MO0106ZZ ,MO0106ZZ ,
MD1872ZZ,,MD1872ZZ
VA0088ZZ ,VA0088ZZ ,
NV0288ZZ ,NV0288ZZ ,
NC0092ZZ,NC0092ZZ,NC0092ZZ
VA1426ZZ,,VA1426ZZ
AZ0000JJ,,AZ0000JJ
ME0012BP ,ME0012BP ,
MI0000BC ,MI0000BC ,
ND0046ZZ ,ND0046ZZ ,
DC0053ZZ,,DC0053ZZ
NY7157ZZ,,NY7157ZZ
NJ0108ZZ ,NJ0108ZZ ,
NC2697ZZ,,NC2697ZZ
DC0000NA ,DC0000NA ,
AZ0000JJ ,AZ0000JJ ,
VA0591ZZ,,VA0591ZZ
FL0065ZZ,,FL0065ZZ
TX0164ZZ,,TX0164ZZ
NY7477ZZ,,NY7477ZZ
CA0363ZZ,,CA0363ZZ
ND0018ZZ ,ND0018ZZ ,
NM0038ZZ ,NM0038ZZ ,
NY0349ZZ ,NY0349ZZ ,
WI1603ZZ,,WI1603ZZ
NJ0000FB ,NJ0000FB ,
SD0040ZZ ,SD0040ZZ ,
MN0076ZZ ,MN0076ZZ ,
IL2263ZZ,,IL2263ZZ
TX0200ZZ ,TX0200ZZ ,
TX0130ZZ ,TX0130ZZ ,
MD0033ZZ ,MD0033ZZ ,
NY7282ZZ,NY7282ZZ,NY7282ZZ
NY6464ZZ,,NY6464ZZ
CO0627AA ,CO0627AA ,
DC0028ZZ ,DC0028ZZ ,
WV0030ZZ ,WV0030ZZ ,
AX0600AX,,AX0600AX
WV0163ZZ,,WV0163ZZ
GA0087AD ,GA0087AD ,
AL0046ZZ ,AL0046ZZ ,
NC0011ZZ,,NC0011ZZ
CO0519AA ,CO0519AA ,
HI0011ZZ ,HI0011ZZ ,
WA0653SB ,WA0653SB ,
MO0022ZZ ,MO0022ZZ ,
VA0003ZZ,,VA0003ZZ
CA0306ZZ,,CA0306ZZ
CT0061ZZ,,CT0061ZZ
PA0235ZZ ,PA0235ZZ ,
AX0010RE,,AX0010RE
MN0600ZZ ,MN0600ZZ ,
FL0033ZZ,FL0033ZZ,FL0033ZZ
NY6466ZZ,,NY6466ZZ
MI0048ZZ,,MI0048ZZ
MI0073ZZ,,MI0073ZZ
NY7359ZZ,,NY7359ZZ
GA0025ZZ ,GA0025ZZ ,
WV1251ZZ ,WV1251ZZ ,
NH0030ZZ,,NH0030ZZ
NY7082ZZ,,NY7082ZZ
CA0000RR ,CA0000RR ,
FL0004ZZ,,FL0004ZZ
WI0016ZZ,,WI0016ZZ
MN0088ZZ ,MN0088ZZ ,
DC0112ZZ,,DC0112ZZ
PA0144ZZ ,PA0144ZZ ,
AL0019ZZ ,AL0019ZZ ,
CT0060ZZ ,CT0060ZZ ,
VT0000PD,VT0000PD,VT0000PD
HI0002ZZ ,HI0002ZZ ,
TX0006ZZ ,TX0006ZZ ,
VA0657ZZ,,VA0657ZZ
WY0029ZZ ,WY0029ZZ ,
RI0010ZZ ,RI0010ZZ ,
ME4033ZZ,,ME4033ZZ
IL2380ZZ,,IL2380ZZ
AZ0051ZZ ,AZ0051ZZ ,
TX0000JL ,TX0000JL ,
WA0601LB ,WA0601LB ,
CA0000LL,,CA0000LL
VT0035ZZ ,VT0035ZZ ,
MI0402ZZ ,MI0402ZZ ,
DC0114ZZ ,DC0114ZZ ,
CA0363ZZ ,CA0363ZZ ,
LA0000BT,,LA0000BT
DC0007ZZ,,DC0007ZZ
AR0057ZZ,,AR0057ZZ
MO0127ZZ,,MO0127ZZ
NY0016ZZ,,NY0016ZZ
HI0002ZZ,,HI0002ZZ
NY0375ZZ ,NY0375ZZ ,
TX0000MF,,TX0000MF
DC0000NA,,DC0000NA
NY0000AB,,NY0000AB
NM0030ZZ,,NM0030ZZ
GA0036ZZ ,GA0036ZZ ,
TX0000MD,,TX0000MD
NY7133ZZ,,NY7133ZZ
IL2448ZZ,,IL2448ZZ
NC0085ZZ,,NC0085ZZ
OR0033PE,,OR0033PE
NY0323ZZ,,NY0323ZZ
MD0258ZZ,,MD0258ZZ
GA0012ZZ,GA0012ZZ,GA0012ZZ
NM0502ZZ ,NM0502ZZ ,
TX0231ZZ,,TX0231ZZ
IL0054ZZ,,IL0054ZZ
NY7013ZZ,NY7013ZZ,
CT0024ZZ ,CT0024ZZ ,
TX0502HS,,TX0502HS
ND0000AK,ND0000AK,ND0000AK
NC0095ZZ,NC0095ZZ,NC0095ZZ
ND0000AM,,ND0000AM
ND0000AL,,ND0000AL
ND0000AO,,ND0000AO
ND0000AN,ND0000AN,ND0000AN
GA0057ZZ,,GA0057ZZ
MI0097ZZ,,MI0097ZZ
MN0076ZZ,,MN0076ZZ
WA0059ZZ,,WA0059ZZ
TX0000BM,,TX0000BM
SC0018ZZ,SC0018ZZ,SC0018ZZ
WY0004ZZ,,WY0004ZZ
AL0000AC,,AL0000AC
IN0621NH ,IN0621NH ,
NY0234ZZ,,NY0234ZZ
TN0012ZZ ,TN0012ZZ ,
CA0309ZZ ,CA0309ZZ ,
VA0182ZZ,,VA0182ZZ
NY0218ZZ ,NY0218ZZ ,
DC0001ZZ,,DC0001ZZ
CO0576AA ,CO0576AA ,
CA0000CC,,CA0000CC
GA0005ZZ,,GA0005ZZ
MT0017ZZ,,MT0017ZZ
LA0085ZZ ,LA0085ZZ ,
MI0137ZZ ,MI0137ZZ ,
MA0051ZZ,,MA0051ZZ
NY7227ZZ,,NY7227ZZ
NY0197ZZ ,NY0197ZZ ,
GA0138ZZ,,GA0138ZZ
ID0000EB ,ID0000EB ,
DC0292ZZ,,DC0292ZZ
LA0035ZZ ,LA0035ZZ ,
NY0369ZZ ,NY0369ZZ ,
KS0092ZZ ,KS0092ZZ ,
GA0118ZZ,,GA0118ZZ
DC0014PB ,DC0014PB ,
MT0000AW ,MT0000AW ,
DC0501BC ,DC0501BC ,
NE0036ZZ ,NE0036ZZ ,
CT0013ZZ ,CT0013ZZ ,
TX0000EP ,TX0000EP ,
FL0017ZZ,,FL0017ZZ
NY0311ZZ ,NY0311ZZ ,
AZ0052ZZ,,AZ0052ZZ
MN0000NB ,MN0000NB ,
NY0350ZZ,,NY0350ZZ
AK0032AA ,AK0032AA ,
CT0060ZZ,,CT0060ZZ
FL0019ZZ,,FL0019ZZ
IL0200ZZ ,IL0200ZZ ,
OH0302ZZ ,OH0302ZZ ,
MT0000AD ,MT0000AD ,
CO0039ZZ,,CO0039ZZ
AX0007RE,,AX0007RE
ME0000BF (ME0601BF) ,ME0000BF (ME0601BF) ,
WA0066BP,,WA0066BP
NM0035ZZ,,NM0035ZZ
MN0000WB ,MN0000WB ,
MD1008ZZ,,MD1008ZZ
MO1801ZZ,,MO1801ZZ
IL2457ZZ,,IL2457ZZ
PR4008ZZ,,PR4008ZZ
DC0017ZZ,,DC0017ZZ
CA0260ZZ,,CA0260ZZ
CA0295ZZ ,CA0295ZZ ,
ND0046ZZ,,ND0046ZZ
IN0096ZZ ,IN0096ZZ ,
OK0041ZZ,,OK0041ZZ
LA0034ZZ ,LA0034ZZ ,
CA0000CC ,CA0000CC ,
WI0016ZZ ,WI0016ZZ ,
VA0578ZZ ,VA0578ZZ ,
ME0000BI ,ME0000BI ,
FL0002AE ,FL0002AE ,
OR0024ZZ,,OR0024ZZ
IA0087ZZ,,IA0087ZZ
NJ0119ZZ ,NJ0119ZZ ,
NM0037ZZ,,NM0037ZZ
IL2588ZZ,,IL2588ZZ
MI0072ZZ,,MI0072ZZ
OK0101ZZ,,OK0101ZZ
MD0326ZZ,,MD0326ZZ
AL0028ZZ,,AL0028ZZ
LA0000BR ,LA0000BR ,
MN0092ZZ,,MN0092ZZ
KY0086ZZ,KY0086ZZ,KY0086ZZ
TX0185ZZ,,TX0185ZZ
MS0079ZZ ,MS0079ZZ ,
IL0222ZZ ,IL0222ZZ ,
DC0034ZZ ,DC0034ZZ ,
UT0014ZZ,,UT0014ZZ
SC0004ZZ,SC0004ZZ,SC0004ZZ
KY0088ZZ,KY0088ZZ,KY0088ZZ
TX0230ZZ,,TX0230ZZ
NC0011ZZ ,NC0011ZZ ,
FL3162ZZ,,FL3162ZZ
DC0028ZZ,,DC0028ZZ
TX0000HD,,TX0000HD
FL0082ZZ ,FL0082ZZ ,
TX0000HF,,TX0000HF
SC0002ZZ,SC0002ZZ,SC0002ZZ
NM0042ZZ,,NM0042ZZ
NJ4535ZZ,,NJ4535ZZ
MO0134ZZ,,MO0134ZZ
IN0000JF ,IN0000JF ,
IL2175ZZ,,IL2175ZZ
MO1591ZZ,,MO1591ZZ
GA1007ZZ,,GA1007ZZ
CO0018ZZ ,CO0018ZZ ,
ID0000PB,,ID0000PB
CA0000KK ,CA0000KK ,
AL0007ZZ,,AL0007ZZ
VT0057BH ,VT0057BH ,
DC0321ZZ ,DC0321ZZ ,
MT0000AE,,MT0000AE
DC0000AB ,DC0000AB ,
DC0111ZZ ,DC0111ZZ ,
DC0078ZZ,,DC0078ZZ
FL0089ZZ ,FL0089ZZ ,
IN0096ZZ,,IN0096ZZ
AL0010ZZ,,AL0010ZZ
TX0000MD ,TX0000MD ,
KY0062ZZ ,KY0062ZZ ,
AZ0000BB,,AZ0000BB
CA0260ZZ ,CA0260ZZ ,
NY7237ZZ,,NY7237ZZ
IL2317ZZ,,IL2317ZZ
TX0503HS,,TX0503HS
NV0014ZZ ,NV0014ZZ ,
NY7288ZZ,NY7288ZZ,NY7288ZZ
LA0002ZZ ,LA0002ZZ ,
MO0121ZZ,,MO0121ZZ
NY5750ZZ,,NY5750ZZ
CO0531AA ,CO0531AA ,
AR0078ZZ,,AR0078ZZ
TX0000MC ,TX0000MC ,
IN0133ZZ,,IN0133ZZ
CA0200ZZ,,CA0200ZZ
DC0053ZZ ,DC0053ZZ ,
WV0057ZZ,,WV0057ZZ
TX0400ZZ ,TX0400ZZ ,
LA0033ZZ,,LA0033ZZ
CA0000DD,,CA0000DD
CA0000DD ,CA0000DD ,
MS0072ZZ,MS0072ZZ,MS0072ZZ
MD1868WO,,MD1868WO
AL0055ZZ,,AL0055ZZ
MO1747ZZ,,MO1747ZZ
DC0000BE,,DC0000BE
DC0078ZZ ,DC0078ZZ ,
WA0089HQ,,WA0089HQ
CA0088ZZ ,CA0088ZZ ,
NY7106ZZ,,NY7106ZZ
ID0000EB,,ID0000EB
MI0000BC,,MI0000BC
CO0009ZZ ,CO0009ZZ ,
CA0000MM,CA0000MM,CA0000MM
TX0000BM ,TX0000BM ,
TX0311ZZ ,TX0311ZZ ,
MN0000WB,,MN0000WB
AR0021ZZ,,AR0021ZZ
NY7261ZZ,,NY7261ZZ
CA0152ZZ,,CA0152ZZ
TX0101ZZ,,TX0101ZZ
LA0000BR,,LA0000BR
AL0034ZZ ,AL0034ZZ ,
MA0131ZZ ,MA0131ZZ ,
DC0114ZZ,,DC0114ZZ
KY0058ZZ,,KY0058ZZ
NY0128ZZ,,NY0128ZZ
NY0000OC ,NY0000OC ,
MI2077ZZ,,MI2077ZZ
MD0003ZZ ,MD0003ZZ ,
MT0000AF,,MT0000AF
NJ5031ZZ,,NJ5031ZZ
CA0200ZZ ,CA0200ZZ ,
NJ0111ZZ ,NJ0111ZZ ,
FL3190ZZ,,FL3190ZZ
DC0505ZZ,,DC0505ZZ
KY0000AB,,KY0000AB
NY0281ZZ ,NY0281ZZ ,
WI0098ZZ ,WI0098ZZ ,
AZ0000FF,,AZ0000FF
MD0000HC ,MD0000HC ,
OR0018ZZ ,OR0018ZZ ,
WI0350ZZ,,WI0350ZZ
TN0021ZZ,,TN0021ZZ
NY0234ZZ ,NY0234ZZ ,
FL0049ZZ,,FL0049ZZ
WA0122HQ,,WA0122HQ
TX0163ZZ ,TX0163ZZ ,
MO0106ZZ,,MO0106ZZ
DC0048ZZ,,DC0048ZZ
PA0158ZZ ,PA0158ZZ ,
NY7461ZZ,,NY7461ZZ
WI1642ZZ,,WI1642ZZ
FL0009ZZ,,FL0009ZZ
FL0019ZZ ,FL0019ZZ ,
TX0000AU ,TX0000AU ,
PR0000FP,,PR0000FP
MI0403ZZ ,MI0403ZZ ,
IL0059ZZ,,IL0059ZZ
MS0000AA ,MS0000AA ,
VT0052BH ,VT0052BH ,
IN0133ZZ ,IN0133ZZ ,
NY7161ZZ,,NY7161ZZ
NY0353ZZ ,NY0353ZZ ,
MD0000AG,,MD0000AG
VT0000BT ,VT0000BT ,
OH0000DD ,OH0000DD ,
MD0325ZZ ,MD0325ZZ ,
CO0651AA ,CO0651AA ,
SD0035ZZ ,SD0035ZZ ,
IL0318ZZ,IL0318ZZ,IL0318ZZ
TX0000LR ,TX0000LR ,
LA0099ZZ ,LA0099ZZ ,
NJ0145ZZ ,NJ0145ZZ ,
RI0010ZZ,,RI0010ZZ
ME0061ZZ ,ME0061ZZ ,
VT0028ZZ ,VT0028ZZ ,
CO0061ZZ ,CO0061ZZ ,
CO0046ZZ ,CO0046ZZ ,
FL1021ZZ,,FL1021ZZ
NY0128ZZ ,NY0128ZZ ,
FL0009ZZ ,FL0009ZZ ,
CA0000JJ ,CA0000JJ ,
FL0082ZZ,,FL0082ZZ
MO0000AG,,MO0000AG
MO0000AF,,MO0000AF
ND0032ZZ,ND0032ZZ,ND0032ZZ
MO0134ZZ ,MO0134ZZ ,
MO1832ZZ,,MO1832ZZ
MN0000TC,,MN0000TC
OH0000DD,,OH0000DD
MD0205ZZ,,MD0205ZZ
MD0166ZZ,,MD0166ZZ
NY7017ZZ,,NY7017ZZ
MA0113ZZ,,MA0113ZZ
OR0051ZZ ,OR0051ZZ ,
CT0059ZZ ,CT0059ZZ ,
FL0025ZZ ,FL0025ZZ ,
NM0042ZZ ,NM0042ZZ ,
PA0267ZZ ,PA0267ZZ ,
WA0601LB,,WA0601LB
GA0125ZZ,,GA0125ZZ
OH0000CN ,OH0000CN ,
FL3150ZZ,,FL3150ZZ
ME0061ZZ,,ME0061ZZ
UT0042ZZ,,UT0042ZZ
MD0822WO,MD0822WO,MD0822WO
WA0000FB,,WA0000FB
TX0081ZZ ,TX0081ZZ ,
DC0010ZZ ,DC0010ZZ ,
ME0091ZZ ,ME0091ZZ ,
MN0087ZZ,,MN0087ZZ
NY0350ZZ ,NY0350ZZ ,
AL0019ZZ,,AL0019ZZ
MD0217ZZ,,MD0217ZZ
MN0021ZZ,,MN0021ZZ
OH2090ZZ,OH2090ZZ,OH2090ZZ
PA0276ZZ ,PA0276ZZ ,
OR0052ZZ,,OR0052ZZ
IA1427ZZ,,IA1427ZZ
IL0000FC,,IL0000FC
VA1608ZZ ,VA1608ZZ ,
ND0008ZZ,,ND0008ZZ
NM0047ZZ,,NM0047ZZ
LA0000NL ,LA0000NL ,
OK0101ZZ ,OK0101ZZ ,
CA0185ZZ,CA0185ZZ,CA0185ZZ
SD0040ZZ,,SD0040ZZ
MN1588ZZ,,MN1588ZZ
MA0158ZZ ,MA0158ZZ ,
CA0281ZZ ,CA0281ZZ ,
DC0031ZZ ,DC0031ZZ ,
NY7179ZZ,,NY7179ZZ
NY7346ZZ,NY7346ZZ,
MT0000AW,,MT0000AW
VT0007ZZ,VT0007ZZ,VT0007ZZ
GA2243ZZ ,GA2243ZZ ,
MA5847ZZ,,MA5847ZZ
MT0000AD,,MT0000AD
DC0011ZZ,,DC0011ZZ
MA0050ZZ ,MA0050ZZ ,
MT0000AG,,MT0000AG
NY0626MI,,NY0626MI
MN0000NB,,MN0000NB
DC0083ZZ,,DC0083ZZ
IL0173ZZ ,IL0173ZZ ,
NY0000IY,,NY0000IY
CT0024ZZ,,CT0024ZZ
IA0030ZZ,,IA0030ZZ
AZ0000GG ,AZ0000GG ,
NH0033ZZ ,NH0033ZZ ,
CO0663AA ,CO0663AA ,
IA0121ZZ ,IA0121ZZ ,
MT0000AE ,MT0000AE ,
CO0652AA ,CO0652AA ,
CO0661AA ,CO0661AA ,
MD0823WO,MD0823WO,MD0823WO
VA0286ZZ,,VA0286ZZ
ME0000HO,,ME0000HO
WA0119PR,,WA0119PR
MD0821WO,MD0821WO,MD0821WO
AL0011ZZ,,AL0011ZZ
MS0031ZZ ,MS0031ZZ ,
NY7471ZZ,,NY7471ZZ
WA0063ZZ ,WA0063ZZ ,
TX1459ZZ,,TX1459ZZ
TN0006ZZ,,TN0006ZZ
MD0314ZZ,,MD0314ZZ
OR0045ZZ,,OR0045ZZ
PA0576ZZ,,PA0576ZZ
PA0000NC,,PA0000NC
NY7344ZZ,,NY7344ZZ
TX0163ZZ,,TX0163ZZ
MA0138ZZ ,MA0138ZZ ,
VA0359ZZ,,VA0359ZZ
WA0000OB,,WA0000OB
DC0403ZZ,,DC0403ZZ
PA0000NC ,PA0000NC ,
TX0000PN ,TX0000PN ,
WV0057ZZ ,WV0057ZZ ,
TX0000DO ,TX0000DO ,
NC0085ZZ ,NC0085ZZ ,
CO0522AA ,CO0522AA ,
IL2477ZZ,IL2477ZZ,IL2477ZZ
TX0302ZZ,,TX0302ZZ
MA0129ZZ ,MA0129ZZ ,
MN0015ZZ,,MN0015ZZ
PA0144ZZ,,PA0144ZZ
GA0121ZZ ,GA0121ZZ ,
OH0143ZZ ,OH0143ZZ ,
KS0094ZZ ,KS0094ZZ ,
WV0030ZZ,,WV0030ZZ
NJ4568ZZ,,NJ4568ZZ
MO0000AG ,MO0000AG ,
IL0222ZZ,,IL0222ZZ
VA0034ZZ ,VA0034ZZ ,
TX0701HO,,TX0701HO
NJ0000FB,,NJ0000FB
MI1874ZZ,,MI1874ZZ
IL0206ZZ,,IL0206ZZ
